n,decomposable,all,percentage,time
3,7,8,87.5,0.5069444179534912
4,54,64,84.375,0.3533482551574707
5,561,1024,54.78515625,0.7331593036651611
6,22565,32768,68.8629150390625,6.678267478942871
7,786822,2097152,37.51859664916992,287.4606866836548
8,186344860,268435456,69.41886991262436,50277.973492860794
