n,decomposable,all,percentage,time
2,2,2,100.0,0.614121675491333
3,3,4,75.0,0.39193248748779297
4,9,11,81.81818181818183,0.3756072521209717
5,19,34,55.88235294117647,0.3689615726470947
6,109,156,69.87179487179486,0.09166836738586426
7,428,1044,40.99616858237548,0.6229021549224854
8,8465,12346,68.56471731734975,7.661109447479248
9,82138,274668,29.90446648317241,50.06460976600647
10,8910781,12005168,74.22454229711738,3043.3156180381775
